09/30/2014	23:51:00	MCP	1st district, Rockville	DRIVER FAILURE TO STOP AT STEADY CIRCULAR RED SIGNAL	PARK RD AT HUNGERFORD DR			No	No	No	No	No	No	No	MD	02 - Automobile	2014	FORD	MUSTANG	BLACK	Citation	21-202(h1)	Transportation Article	No	BLACK	M	ROCKVILLE	A - Marked Patrol
03/31/2015	23:59:00	MCP	2nd district, Bethesda	HEADLIGHTS (*)	CONNECTICUT AT METROPOLITAN AVE			No	No	No	No	No	No	No	MD	02 - Automobile	2003	HONDA	2S	BLUE	ESERO	55*		No	HISPANIC	M	SILVER SPRING	A - Marked Patrol
09/30/2014	23:30:00	MCP	5th district, Germantown	FAILURE TO DISPLAY TWO LIGHTED FRONT LAMPS WHEN REQUIRED	OBSERVATION @ RIDGE ROAD			No	No	No	No	No	No	No	MD	02 - Automobile	2009	TOYOTA	CAMRY	RED	Warning	22-226(a)	Transportation Article	No	BLACK	F	GERMANTOWN	A - Marked Patrol
03/31/2015	23:59:00	MCP	5th district, Germantown	DRIVER FAILURE TO STOP AT STOP SIGN LINE	W/B PLYERS MILL RD AT METROPOLITAN AVE	39.03382333	-77.07544	No	No	No	No	No	No	No	MD	02 - Automobile	2007	ACURA	MDX	BLACK	Warning	21-707(a)	Transportation Article	No	WHITE	F	KENSINGTON	A - Marked Patrol	(39.0338233333333, -77.07544)
03/31/2015	23:58:00	MCP	2nd district, Bethesda	STOP LIGHTS (*)	2355 NB AT BATTERY LN	38.99162667	-77.095805	No	No	No	No	No	No	No	MD	02 - Automobile	2003	NISSAN	MURANO	SILVER	ESERO	64*		No	OTHER	M	ROCKVILLE	A - Marked Patrol	(38.9916266666667, -77.095805)
03/31/2015	23:58:00	MCP	4th district, Wheaton	DRIVING  MOTOR VEHICLE ON HIGHWAY WITHOUT REQUIRED LICENSE AND AUTHORIZATION	EB BEL PRE RD / LAYHILL RD	39.09158333	-77.04264167	No	No	No	No	No	No	No	MD	02 - Automobile	2007	HONDA	CIVIC	SILVER	Citation	16-101(a)	Transportation Article	No	WHITE	F	SILVER SPRING	A - Marked Patrol	(39.0915833333333, -77.0426416666667)
03/31/2015	23:58:00	MCP	4th district, Wheaton	DRIVING VEHICLE ON HIGHWAY WITH AN EXPIRED LICENSE	EB BEL PRE RD / LAYHILL RD	39.09158333	-77.04264167	No	No	No	No	No	No	No	MD	02 - Automobile	2007	HONDA	CIVIC	SILVER	Citation	16-115(g)	Transportation Article	No	WHITE	F	SILVER SPRING	A - Marked Patrol	(39.0915833333333, -77.0426416666667)
03/31/2015	23:58:00	MCP	4th district, Wheaton	FAILURE OF INDIVIDUAL DRIVING ON HIGHWAY TO DISPLAY LICENSE TO UNIFORMED POLICE ON DEMAND	EB BEL PRE RD / LAYHILL RD	39.09158333	-77.04264167	No	No	No	No	No	No	No	MD	02 - Automobile	2007	HONDA	CIVIC	SILVER	Citation	16-112(c)	Transportation Article	No	WHITE	F	SILVER SPRING	A - Marked Patrol	(39.0915833333333, -77.0426416666667)
03/31/2015	23:58:00	MCP	4th district, Wheaton	FAILURE TO DISPLAY REGISTRATION CARD UPON DEMAND BY POLICE OFFICER	EB BEL PRE RD / LAYHILL RD	39.09158333	-77.04264167	No	No	No	No	No	No	No	MD	02 - Automobile	2007	HONDA	CIVIC	SILVER	Citation	13-409(b)	Transportation Article	No	WHITE	F	SILVER SPRING	A - Marked Patrol	(39.0915833333333, -77.0426416666667)
03/31/2015	23:58:00	MCP	4th district, Wheaton	PERSON DRIVING MOTOR VEHICLE ON HIGHWAY OR PUBLIC USE PROPERTY ON REVOKED LICENSE AND PRIVILEGE	EB BEL PRE RD / LAYHILL RD	39.09158333	-77.04264167	No	No	No	No	No	No	No	MD	02 - Automobile	2007	HONDA	CIVIC	SILVER	Citation	16-303(d)	Transportation Article	No	WHITE	F	SILVER SPRING	A - Marked Patrol	(39.0915833333333, -77.0426416666667)
03/31/2015	23:58:00	MCP	4th district, Wheaton	PERSON DRIVING MOTOR VEHICLE ON HIGHWAY OR PUBLIC USE PROPERTY ON SUSPENDED LICENSE AND PRIVILEGE	EB BEL PRE RD / LAYHILL RD	39.09158333	-77.04264167	No	No	No	No	No	No	No	MD	02 - Automobile	2007	HONDA	CIVIC	SILVER	Citation	16-303(c)	Transportation Article	No	WHITE	F	SILVER SPRING	A - Marked Patrol	(39.0915833333333, -77.0426416666667)
03/31/2015	23:58:00	MCP	4th district, Wheaton	PERSON DRIVING MOTOR VEHICLE WHILE LICENSE SUSPENDED UNDER 17-106, 26-204, 26-206, 27-103	EB BEL PRE RD / LAYHILL RD	39.09158333	-77.04264167	No	No	No	No	No	No	No	MD	02 - Automobile	2007	HONDA	CIVIC	SILVER	Citation	16-303(h)	Transportation Article	No	WHITE	F	SILVER SPRING	A - Marked Patrol	(39.0915833333333, -77.0426416666667)
09/30/2014	22:58:00	MCP	2nd district, Bethesda	FAILURE TO DISPLAY REGISTRATION CARD UPON DEMAND BY POLICE OFFICER	8500 RIVER RD			No	No	No	No	No	No	No	MD	02 - Automobile	2002	TOYOTA	CAMRY	SILVER	Warning	13-409(b)	Transportation Article	No	WHITE	F	DARNESTOWN	A - Marked Patrol
09/30/2014	22:58:00	MCP	2nd district, Bethesda	STOPLIGHT INOPERATIVE	8500 RIVER RD			No	No	No	No	No	No	No	MD	02 - Automobile	2002	TOYOTA	CAMRY	SILVER	Warning	11-393.9	Maryland Rules	No	WHITE	F	DARNESTOWN	A - Marked Patrol
09/30/2014	22:46:00	MCP	2nd district, Bethesda	FAILURE TO PROPERLY EQUIP & LOCATE HEADLAMPS ON MOTOR VEH.	RIVER RD / FENWAY DR			No	No	No	No	No	No	No	MD	02 - Automobile	2003	TOYOTA	TACOMA	GREEN	Warning	22-203(b)	Transportation Article	No	WHITE	F	POOLESVILLE	A - Marked Patrol
03/31/2015	23:57:00	MCP	3rd district, Silver Spring	DRIVING VEH. ON HWY. W/O REQUIRED MINIMUM EQUIPMENT	GEORGIA AVE AT WAYNE AVE	38.99381167	-77.02622833	No	No	No	No	No	No	No	MD	02 - Automobile	2004	INFINITY	G35X	SILVER	Warning	23-104	Transportation Article	No	BLACK	M	UPPER MARLBORO	A - Marked Patrol	(38.9938116666667, -77.0262283333333)
03/31/2015	23:56:00	MCP	3rd district, Silver Spring	MOTOR VEH. W/O REQUIRED STOP LAMPS EQUIPMENT	13TH ST/GEORGIA AVE	38.98729667	-77.02719167	No	No	No	No	No	No	No	MD	02 - Automobile	2003	TOYOTA	CAMRY	SILVER	Warning	22-206(a)	Transportation Article	No	BLACK	M	WASHINGTON	A - Marked Patrol	(38.9872966666667, -77.0271916666667)
03/31/2015	23:53:00	MCP	1st district, Rockville	DRIVER CHANGING LANES WHEN UNSAFE	DARNESTOWN RD/ ALDERWOOD DR	39.109475	-77.23716333	No	No	No	No	No	No	No	MD	02 - Automobile	2010	PORSCHE	CAYENNE	SILVER	Warning	21-309(b)	Transportation Article	No	WHITE	M	GAITHERSBURG	A - Marked Patrol	(39.109475, -77.2371633333333)
03/31/2015	23:53:00	MCP	1st district, Rockville	DRIVER FAILURE TO OBEY PROPERLY PLACED TRAFFIC CONTROL DEVICE INSTRUCTIONS	DARNESTOWN RD/ ALDERWOOD DR	39.109475	-77.23716333	No	No	No	No	No	No	No	MD	02 - Automobile	2010	PORSCHE	CAYENNE	SILVER	Warning	21-201(a1)	Transportation Article	No	WHITE	M	GAITHERSBURG	A - Marked Patrol	(39.109475, -77.2371633333333)
09/30/2014	22:32:00	MCP	2nd district, Bethesda	FAILURE TO PROPERLY EQUIP & LOCATE HEADLAMPS ON MOTOR VEH.	SEVEN LOCKS RD / GLENNON DR			No	No	No	No	No	No	No	MD	02 - Automobile	1999	PORS	CN	MAROON	Warning	22-203(b)	Transportation Article	No	WHITE	F	BETHESDA	A - Marked Patrol
03/31/2015	23:53:00	MCP	1st district, Rockville	FAILURE TO DISPLAY REGISTRATION CARD UPON DEMAND BY POLICE OFFICER	DARNESTOWN RD/ ALDERWOOD DR	39.109475	-77.23716333	No	No	No	No	No	No	No	MD	02 - Automobile	2010	PORSCHE	CAYENNE	SILVER	Citation	13-409(b)	Transportation Article	No	WHITE	M	GAITHERSBURG	A - Marked Patrol	(39.109475, -77.2371633333333)
03/31/2015	23:52:00	MCP	3rd district, Silver Spring	DRIVING VEH. W/O ADEQUATE REAR REG. PLATE ILLUMINATION	GEORGIA AVE @ EAST WEST HWY	38.98823333	-77.02737667	No	No	No	No	No	No	No	MD	02 - Automobile	2001	TOYT	4S	GRAY	Warning	22-204(f)	Transportation Article	No	WHITE	M	SILVER SPRING	A - Marked Patrol	(38.9882333333333, -77.0273766666667)
03/31/2015	23:50:00	MCP	3rd district, Silver Spring	DRIVING VEH. ON HWY WITH LAMP IMPROPERLY DISPLAYING WHITE LIGHT FROM REAR	PINEY BRANCH RD @ UNIVERSITY BLVD E	38.99967	-76.99296333	No	No	No	No	No	No	No	MD	02 - Automobile	2005	TOYT	TK	SILVER	Warning	22-227(d)	Transportation Article	No	HISPANIC	M	SILVER SPRING	A - Marked Patrol	(38.99967, -76.9929633333333)
03/31/2015	23:48:00	MCP	3rd district, Silver Spring	DRIVING VEH. W/O ADEQUATE REAR REG. PLATE ILLUMINATION	BURLINGTON AVE/ GEORGIA AVE	38.98768833	-77.02396667	No	No	No	No	No	No	No	MD	02 - Automobile	2002	AUDI	A4	SILVER	Warning	22-204(f)	Transportation Article	No	BLACK	M	SILVER SPRING	A - Marked Patrol	(38.9876883333333, -77.0239666666667)
03/31/2015	23:48:00	MCP	3rd district, Silver Spring	MOTOR VEH. W/O REQUIRED STOP LAMPS EQUIPMENT	GEORGIA AVE/SLIGO AVE	38.98876167	-77.02632	No	No	No	No	No	No	No	DC	02 - Automobile	2007	CHEVROLET	SUBURBAN	SILVER	Warning	22-206(a)	Transportation Article	No	BLACK	F	WASHINGTON	A - Marked Patrol	(38.9887616666667, -77.02632)
03/31/2015	23:45:00	MCP	1st district, Rockville	DRIVER FAILURE TO YIELD RIGHT OF WAY ENTERING HWY. FROM PRIVATE DRIVEWAY	14800 BLK DARNESTOWN RD	39.10063833	-77.21403167	No	No	No	No	No	No	No	MD	02 - Automobile	2006	PONTIAC	2DR	BLACK	Citation	21-404(b)	Transportation Article	No	WHITE	M	N POTOMAC	A - Marked Patrol	(39.1006383333333, -77.2140316666667)
03/31/2015	23:45:00	MCP	1st district, Rockville	FAILURE OF INDIVIDUAL DRIVING ON HIGHWAY TO DISPLAY LICENSE TO UNIFORMED POLICE ON DEMAND	14800 BLK DARNESTOWN RD	39.10063833	-77.21403167	No	No	No	No	No	No	No	MD	02 - Automobile	2006	PONTIAC	2DR	BLACK	Citation	16-112(c)	Transportation Article	No	WHITE	M	N POTOMAC	A - Marked Patrol	(39.1006383333333, -77.2140316666667)
03/31/2015	23:45:00	MCP	1st district, Rockville	FAILURE OF LICENSEE TO NOTIFY ADMINISTRATION OF CHANGE OF ADDRESS WITHIN 30 DAYS	14800 BLK DARNESTOWN RD	39.10063833	-77.21403167	No	No	No	No	No	No	No	MD	02 - Automobile	2006	PONTIAC	2DR	BLACK	Citation	16-116(a)	Transportation Article	No	WHITE	M	N POTOMAC	A - Marked Patrol	(39.1006383333333, -77.2140316666667)
09/30/2014	21:47:00	MCP	4th district, Wheaton	DRIVER PERMITTING PERSON TO OCCUPY AREA OF VEHICLEPRIMARILY INTENDED TO CARRY CARGO	VIERS MILL @ FERRARA			No	No	No	No	No	No	No	MD	05 - Light Duty Truck	1995	CHEVY	VAN	WHITE	Citation	21-1107(b1)	Transportation Article	No	HISPANIC	M	SILVER SPRING	A - Marked Patrol
09/30/2014	21:47:00	MCP	4th district, Wheaton	DRIVING TO DRIVE MOTOR VEHICLE ON HIGHWAY WITHOUT REQUIRED LICENSE AND AUTHORIZATION	VIERS MILL @ FERRARA			No	No	No	No	No	No	No	MD	05 - Light Duty Truck	1995	CHEVY	VAN	WHITE	Citation	16-101(a)	Transportation Article	No	HISPANIC	M	SILVER SPRING	A - Marked Patrol
09/30/2014	21:47:00	MCP	4th district, Wheaton	NEGLIGENT DRIVING VEHICLE IN CARELESS AND IMPRUDENT MANNER ENDANGERING PROPERTY, LIFE AND PERSON	VIERS MILL @ FERRARA			No	No	No	No	No	No	No	MD	05 - Light Duty Truck	1995	CHEVY	VAN	WHITE	Citation	21-901.1(b)	Transportation Article	No	HISPANIC	M	SILVER SPRING	A - Marked Patrol
09/30/2014	21:47:00	MCP	4th district, Wheaton	PERSON DRIVING MOTOR VEHICLE ON HIGHWAY OR PUBLIC USE PROPERTY ON REVOKED LICENSE AND PRIVILEGE	VIERS MILL @ FERRARA			No	No	No	No	No	No	No	MD	05 - Light Duty Truck	1995	CHEVY	VAN	WHITE	Citation	16-303(d)	Transportation Article	No	HISPANIC	M	SILVER SPRING	A - Marked Patrol
09/30/2014	21:47:00	MCP	4th district, Wheaton	PERSON DRIVING MOTOR VEHICLE ON HIGHWAY OR PUBLIC USE PROPERTY ON SUSPENDED LICENSE AND PRIVILEGE	VIERS MILL @ FERRARA			No	No	No	No	No	No	No	MD	05 - Light Duty Truck	1995	CHEVY	VAN	WHITE	Citation	16-303(c)	Transportation Article	No	HISPANIC	M	SILVER SPRING	A - Marked Patrol
09/30/2014	21:47:00	MCP	4th district, Wheaton	PERSON DRIVING MOTOR VEHICLE WHILE LICENSE SUSPENDED UNDER 17-106.	VIERS MILL @ FERRARA			No	No	No	No	No	No	No	MD	05 - Light Duty Truck	1995	CHEVY	VAN	WHITE	Citation	16-303(h)	Transportation Article	No	HISPANIC	M	SILVER SPRING	A - Marked Patrol
03/31/2015	23:45:00	MCP	3rd district, Silver Spring	FAILURE TO PROPERLY EQUIP & LOCATE HEADLAMPS ON MOTOR VEH.	SLIGO AVE AT GEORGIA AVE	38.99021667	-77.02604333	No	No	No	No	No	No	No	MD	02 - Automobile	2008	LINCOLN	MKX	BLACK	Warning	22-203(b)	Transportation Article	No	BLACK	M	SILVER SPRING	A - Marked Patrol	(38.9902166666667, -77.0260433333333)
03/31/2015	23:43:00	MCP	6th district, Gaithersburg / Montgomery Village	DISPLAYING EXPIRED REGISTRATION PLATE ISSUED BY ANY STATE	MONTGOMERY VILLAGE AVE /  MIDCOUNTY HWY	39.15917	-77.20278	No	No	No	No	No	No	No	MD	02 - Automobile	2009	JEEP	LAREDO	GRAY	Citation	13-411(f)	Transportation Article	No	BLACK	M	GAITHERSBURG	A - Marked Patrol	(39.15917, -77.20278)
03/31/2015	23:43:00	MCP	6th district, Gaithersburg / Montgomery Village	DRIVING VEHICLE ON HIGHWAY WITH SUSPENDED REGISTRATION	MONTGOMERY VILLAGE AVE /  MIDCOUNTY HWY	39.15917	-77.20278	No	No	No	No	No	No	No	MD	02 - Automobile	2009	JEEP	LAREDO	GRAY	Citation	13-401(h)	Transportation Article	No	BLACK	M	GAITHERSBURG	A - Marked Patrol	(39.15917, -77.20278)
03/31/2015	23:43:00	MCP	6th district, Gaithersburg / Montgomery Village	DRIVING VEHICLE ON HIGHWAY WITHOUT CURRENT REGISTRATION PLATES AND VALIDATION TABS	MONTGOMERY VILLAGE AVE /  MIDCOUNTY HWY	39.15917	-77.20278	No	No	No	No	No	No	No	MD	02 - Automobile	2009	JEEP	LAREDO	GRAY	Citation	13-411(d)	Transportation Article	No	BLACK	M	GAITHERSBURG	A - Marked Patrol	(39.15917, -77.20278)
03/31/2015	23:43:00	MCP	6th district, Gaithersburg / Montgomery Village	FAILURE TO ATTACH VEHICLE REGISTRATION PLATES AT FRONT AND REAR	MONTGOMERY VILLAGE AVE /  MIDCOUNTY HWY	39.15917	-77.20278	No	No	No	No	No	No	No	MD	02 - Automobile	2009	JEEP	LAREDO	GRAY	Citation	13-411(a)	Transportation Article	No	BLACK	M	GAITHERSBURG	A - Marked Patrol	(39.15917, -77.20278)
03/31/2015	23:43:00	MCP	6th district, Gaithersburg / Montgomery Village	FAILURE TO DISPLAY REGISTRATION CARD UPON DEMAND BY POLICE OFFICER	MONTGOMERY VILLAGE AVE /  MIDCOUNTY HWY	39.15917	-77.20278	No	No	No	No	No	No	No	MD	02 - Automobile	2009	JEEP	LAREDO	GRAY	Citation	13-409(b)	Transportation Article	No	BLACK	M	GAITHERSBURG	A - Marked Patrol	(39.15917, -77.20278)
03/31/2015	23:43:00	MCP	6th district, Gaithersburg / Montgomery Village	FAILURE TO SECURELY FASTEN REGISTRATION PLATE TO VEHICLE	MONTGOMERY VILLAGE AVE /  MIDCOUNTY HWY	39.15917	-77.20278	No	No	No	No	No	No	No	MD	02 - Automobile	2009	JEEP	LAREDO	GRAY	Citation	13-411(c2)	Transportation Article	No	BLACK	M	GAITHERSBURG	A - Marked Patrol	(39.15917, -77.20278)
03/31/2015	23:43:00	MCP	6th district, Gaithersburg / Montgomery Village	KNOWINGLY DRIVING UNINSURED VEHICLE	MONTGOMERY VILLAGE AVE /  MIDCOUNTY HWY	39.15917	-77.20278	No	No	No	No	No	No	No	MD	02 - Automobile	2009	JEEP	LAREDO	GRAY	Citation	17-107	Transportation Article	No	BLACK	M	GAITHERSBURG	A - Marked Patrol	(39.15917, -77.20278)
03/31/2015	23:43:00	MCP	6th district, Gaithersburg / Montgomery Village	OPERATING UNREGISTERED MOTOR VEHICLE ON HIGHWAY	MONTGOMERY VILLAGE AVE /  MIDCOUNTY HWY	39.15917	-77.20278	No	No	No	No	No	No	No	MD	02 - Automobile	2009	JEEP	LAREDO	GRAY	Citation	13-401(b1)	Transportation Article	No	BLACK	M	GAITHERSBURG	A - Marked Patrol	(39.15917, -77.20278)
03/31/2015	23:43:00	MCP	6th district, Gaithersburg / Montgomery Village	UNAUTHORIZED DISPLAY AND USE OF REGISTRATION PLATE	MONTGOMERY VILLAGE AVE /  MIDCOUNTY HWY	39.15917	-77.20278	No	No	No	No	No	No	No	MD	02 - Automobile	2009	JEEP	LAREDO	GRAY	Citation	13-703(g)	Transportation Article	No	BLACK	M	GAITHERSBURG	A - Marked Patrol	(39.15917, -77.20278)
03/31/2015	23:42:00	MCP	2nd district, Bethesda	MOTOR VEHICLE W/O REQUIRED STOP LAMPS EQUIPMENT	OLD GEORGETOWN RD/  DEMOCRACY BLVD	39.024115	-77.12440667	No	No	No	No	No	No	No	MD	02 - Automobile	2004	HOND	4S	GRAY	Warning	22-206(a)	Transportation Article	No	WHITE	F	ROCKVILLE	A - Marked Patrol	(39.024115, -77.1244066666667)
03/31/2015	23:40:00	MCP	5th district, Germantown	DRIVER FAILURE TO STOP AT STOP SIGN LINE	CRYSTAL ROCK@WISTERIA DR	39.17737	-77.27080167	No	No	No	No	No	No	No	MD	02 - Automobile	2015	NISSAN	TK	SILVER	Warning	21-707(a)	Transportation Article	No	WHITE	M	SILVER SPRING	A - Marked Patrol	(39.17737, -77.2708016666667)
03/31/2015	23:40:00	MCP	5th district, Germantown	FAILURE TO DISPLAY REGISTRATION CARD UPON DEMAND BY POLICE OFFICER	CRYSTAL ROCK@WISTERIA DR	39.17737	-77.27080167	No	No	No	No	No	No	No	MD	02 - Automobile	2015	NISSAN	TK	SILVER	Warning	13-409(b)	Transportation Article	No	WHITE	M	SILVER SPRING	A - Marked Patrol	(39.17737, -77.2708016666667)
03/31/2015	23:37:00	MCP	3rd district, Silver Spring	DRIVING VEH. W/O ADEQUATE REAR REG. PLATE ILLUMINATION	GEORGIA AVE AT EAST WEST HIGHWAY	38.98773167	-77.02632333	No	No	No	No	No	No	No	MD	02 - Automobile	1998	LEXUS	ES300	WHITE	Warning	22-204(f)	Transportation Article	No	BLACK	M	TAKOMA PARK	A - Marked Patrol	(38.9877316666667, -77.0263233333333)
03/31/2015	23:36:00	MCP	4th district, Wheaton	FAILURE TO STOP AT STOP SIGN	GOOD HOPE RD @ WINDMILL LN	39.10171333	-76.98101333	No	No	No	No	No	No	No	MD	02 - Automobile	1999	CHEVY	LUMINA	GREEN	Citation	21-707(a)	Transportation Article	No	BLACK	F	BELTSVILLE	A - Marked Patrol	(39.1017133333333, -76.9810133333333)
03/31/2015	23:34:00	MCP	4th district, Wheaton	FAILURE TO DISPLAY REGISTRATION CARD UPON DEMAND BY POLICE OFFICER	MIDCOUNTY HWY / WOODFIELD RD	39.15376	-77.17888333	No	No	No	No	No	No	No	MD	02 - Automobile	2003	HONDA	CIVIC	WHITE	Warning	13-409(b)	Transportation Article	No	HISPANIC	F	GAITHERSBURG	A - Marked Patrol	(39.15376, -77.1788833333333)
03/31/2015	23:34:00	MCP	4th district, Wheaton	FAILURE TO EQUIP VEH. WITH REQUIRED REAR STOP LAMP	MIDCOUNTY HWY / WOODFIELD RD	39.15376	-77.17888333	No	No	No	No	No	No	No	MD	02 - Automobile	2003	HONDA	CIVIC	WHITE	Warning	22-219(a)	Transportation Article	No	HISPANIC	F	GAITHERSBURG	A - Marked Patrol	(39.15376, -77.1788833333333)
03/31/2015	23:33:00	MCP	3rd district, Silver Spring	DRIVER FAILURE TO OBEY PROPERLY PLACED TRAFFIC CONTROL DEVICE INSTRUCTIONS	FENTON ST AT SLIGO AVE	38.98744	-77.02350167	No	No	No	No	No	No	No	DC	02 - Automobile	2008	FORDVAL2008	ESCAPE	GREEN	Warning	21-201(a1)	Transportation Article	No	ASIAN	M	WASHINGTON	A - Marked Patrol	(38.98744, -77.0235016666667)
03/31/2015	23:32:00	MCP	2nd district, Bethesda	DRIVER FAILURE TO STOP AT STOP SIGN LINE	CORDELL/ WOODMONT	38.99023	-77.09713833	No	No	No	No	No	No	No	MD	02 - Automobile	2009	TOYOTA	PRIUS	GRAY	Warning	21-707(a)	Transportation Article	No	WHITE	F	BRENTWOOD	A - Marked Patrol	(38.99023, -77.0971383333333)
03/31/2015	23:32:00	MCP	2nd district, Bethesda	FAILURE TO DISPLAY REGISTRATION CARD UPON DEMAND BY POLICE OFFICER	CORDELL/ WOODMONT	38.99023	-77.09713833	No	No	No	No	No	No	No	MD	02 - Automobile	2009	TOYOTA	PRIUS	GRAY	Warning	13-409(b)	Transportation Article	No	WHITE	F	BRENTWOOD	A - Marked Patrol	(38.99023, -77.0971383333333)
03/31/2015	23:32:00	MCP	2nd district, Bethesda	TAILLIGHTS (*)	CORDELL/ WOODMONT	38.99023	-77.09713833	No	No	No	No	No	No	No	MD	02 - Automobile	2009	TOYOTA	PRIUS	GRAY	ESERO	56*		No	WHITE	F	BRENTWOOD	A - Marked Patrol	(38.99023, -77.0971383333333)
03/31/2015	23:30:00	MCP	3rd district, Silver Spring	TAG LIGHTS (*)	BURLINGTON AVE/ GEORGIA AVE	38.98801833	-77.02362333	No	No	No	No	No	No	No	MD	02 - Automobile	2005	NISS	PATHFINDER	WHITE	ESERO	65*		No	HISPANIC	M	MOUNT RAINER	A - Marked Patrol	(38.9880183333333, -77.0236233333333)
03/31/2015	23:26:00	MCP	1st district, Rockville	HEADLIGHTS (*)	355@RIDGEMONT AVE	39.118865	-77.17130667	No	No	No	No	No	No	No	MD	02 - Automobile	2007	TOYT	2S	SILVER	ESERO	55*		No	HISPANIC	M	ROCKVILLE	A - Marked Patrol	(39.118865, -77.1713066666667)
03/31/2015	23:25:00	MCP	2nd district, Bethesda	STOP LIGHTS (*)	OLD GEORGETOWN RD/ CEDAR AVE	38.98777667	-77.09898333	No	No	No	No	No	No	No	MD	02 - Automobile	2008	HOND	TK	BLUE	ESERO	64*		No	BLACK	F	NORTH BETHESDA	A - Marked Patrol	(38.9877766666667, -77.0989833333333)
09/30/2014	21:07:00	MCP	1st district, Rockville	DRIVER CHANGING LANES WHEN UNSAFE	GREAT SENECA HWY @ ORCHARD RIDGE			No	No	No	No	No	No	No	MD	02 - Automobile	2007	FORD	CROWN VIC	BROWN	Warning	21-309(b)	Transportation Article	No	BLACK	M	WASHINGTON	A - Marked Patrol
09/30/2014	21:07:00	MCP	1st district, Rockville	DRIVER FAILURE TO OBEY PROPERLY PLACED TRAFFIC CONTROL DEVICE INSTRUCTIONS	GREAT SENECA HWY @ ORCHARD RIDGE			No	No	No	No	No	No	No	MD	02 - Automobile	2007	FORD	CROWN VIC	BROWN	Warning	21-201(a1)	Transportation Article	No	BLACK	M	WASHINGTON	A - Marked Patrol
09/30/2014	21:07:00	MCP	1st district, Rockville	WILLFULLY DRIVING MOTOR VEH. AT SLOW SPEED IMPEDING NORMAL AND REASONABLE TRAFFIC MOVEMENT	GREAT SENECA HWY @ ORCHARD RIDGE			No	No	No	No	No	No	No	MD	02 - Automobile	2007	FORD	CROWN VIC	BROWN	Warning	21-804(a)	Transportation Article	No	BLACK	M	WASHINGTON	A - Marked Patrol
03/31/2015	23:23:00	MCP	2nd district, Bethesda	EXCEEDING THE POSTED SPEED LIMIT OF 25 MPH	355 NB AT FAIRMONT	38.988625	-77.09499167	No	No	No	No	No	No	No	MD	02 - Automobile	2013	HONDA	ACCORD	WHITE	Warning	21-801.1	Transportation Article	No	ASIAN	F	GERMANTOWN	A - Marked Patrol	(38.988625, -77.0949916666667)
03/31/2015	23:20:00	MCP	1st district, Rockville	DRIVER FAIL TO STOP AT FLASHING RED TRAFFIC SIGNAL STOP LINE	TOWER OAKS/MONTROSE RD	39.05651	-77.14997167	No	No	No	No	No	No	No	MD	02 - Automobile	2007	BMW	530I	BLACK	Citation	21-204(b)	Transportation Article	No	ASIAN	M	POTOMAC	A - Marked Patrol	(39.05651, -77.1499716666667)
03/31/2015	23:16:00	MCP	2nd district, Bethesda	DRIVING VEHICLE ON HIGHWAY WITHOUT CURRENT REGISTRATION PLATES AND VALIDATION TABS	355/ STRATHMORE	39.035135	-77.10703333	No	No	No	No	No	No	No	MD	02 - Automobile	1995	FORD	4S	GREEN	Warning	13-411(d)	Transportation Article	No	ASIAN	F	CHEVY CHASE	A - Marked Patrol	(39.035135, -77.1070333333333)
03/31/2015	23:15:00	MCP	1st district, Rockville	EXCEEDING MAXIMUM SPEED: 49 MPH IN A POSTED 40 MPH ZONE	RIDGE RD / BRINK RD	39.20658667	-77.24276833	No	No	No	No	No	No	No	MD	02 - Automobile	2015	AUDI	A6	GRAY	Citation	21-801.1	Transportation Article	No	WHITE	M	GERMANTOWN	A - Marked Patrol	(39.2065866666667, -77.2427683333333)
03/31/2015	23:12:00	MCP	2nd district, Bethesda	FAILURE TO ATTACH VEHICLE REGISTRATION PLATES AT FRONT AND REAR	WOODMONT AVE / OLD GEORGETWN RD	38.98623667	-77.096355	No	No	No	No	No	No	No	MD	02 - Automobile	2003	HONDA	PILOT	SILVER	Warning	13-411(a)	Transportation Article	No	BLACK	F	BOWIE	A - Marked Patrol	(38.9862366666667, -77.096355)
03/31/2015	23:12:00	MCP	1st district, Rockville	DRIVER FAIL TO STOP AT FLASHING RED TRAFFIC SIGNAL STOP LINE	TOWER OAKS BLVD / I-270 NB ON-RAMP	39.05596333	-77.14956833	No	No	No	No	No	No	No	VA	02 - Automobile	2013	CHRYSLER	4DR	BLACK	Citation	21-204(b)	Transportation Article	No	OTHER	M	ARLINGTON VA	A - Marked Patrol	(39.0559633333333, -77.1495683333333)
03/31/2015	23:10:00	MCP	3rd district, Silver Spring	MOTOR VEH.W/O REQUIRED STOP LAMPS EQUIPMENT	GEORGIA AVE @ SLIGO AVE	38.99136167	-77.02649833	No	No	No	No	No	No	No	OH	02 - Automobile	2002	CHEVROLET	CAVALIER	BLUE	Warning	22-206(a)	Transportation Article	No	BLACK	M	YOUNGSTON	A - Marked Patrol	(38.9913616666667, -77.0264983333333)
03/31/2015	23:09:00	MCP	2nd district, Bethesda	EXCEEDING THE POSTED SPEED LIMIT OF 25 MPH	OLD GEORGETOWN RD AT ARLINGTON RD	38.98635	-77.098695	No	No	No	No	No	No	No	MD	02 - Automobile	2013	LEXUS	RX350	BEIGE	Warning	21-801.1	Transportation Article	No	BLACK	F	BETHESDA	A - Marked Patrol	(38.98635, -77.098695)
03/31/2015	23:08:00	MCP	5th district, Germantown	DRIVING VEHICLE ON HIGHWAY WITH SUSPENDED REGISTRATION	SCENERY DR @ GERMANTOWN RD	39.19269333	-77.233305	No	No	No	No	No	No	No	MD	02 - Automobile	2004	HOND	ACCORD	BLACK	Citation	13-401(h)	Transportation Article	No	ASIAN	M	GERMANTOWN	A - Marked Patrol	(39.1926933333333, -77.233305)
03/31/2015	23:08:00	MCP	5th district, Germantown	DRIVING VEHICLE ON HIGHWAY WITHOUT CURRENT REGISTRATION PLATES AND VALIDATION TABS	SCENERY DR @ GERMANTOWN RD	39.19269333	-77.233305	No	No	No	No	No	No	No	MD	02 - Automobile	2004	HOND	ACCORD	BLACK	Warning	13-411(d)	Transportation Article	No	ASIAN	M	GERMANTOWN	A - Marked Patrol	(39.1926933333333, -77.233305)
03/31/2015	23:08:00	MCP	5th district, Germantown	STOP LIGHTS (*)	SCENERY DR @ GERMANTOWN RD	39.19269333	-77.233305	No	No	No	No	No	No	No	MD	02 - Automobile	2004	HOND	ACCORD	BLACK	ESERO	64*		No	ASIAN	M	GERMANTOWN	A - Marked Patrol	(39.1926933333333, -77.233305)
03/31/2015	23:04:00	MCP	3rd district, Silver Spring	DISPLAYING EXPIRED REGISTRATION PLATE ISSUED BY ANY STATE	UNIVERSITY BLVD E @ MERRIMAC DR	38.99296333	-76.99189	No	No	No	No	No	No	No	MD	02 - Automobile	2006	DODGE	TK	GREEN	Warning	13-411(f)	Transportation Article	No	BLACK	M	HYATTSVILLE	A - Marked Patrol	(38.9929633333333, -76.99189)
03/29/2013	17:34:00	MCP	1st district, Rockville	FAILURE TO DISPLAY REGISTRATION CARD UPON DEMAND BY POLICE OFFICER	WOOTTON PKWAY AND DARNSTOWN ROAD	39.09200833	-77.19444	No	No	No	No	No	No	No	MD	02 - Automobile	2003	NISSAN	350Z	SILVER	Citation	13-409(b)	Transportation Article	No	HISPANIC	M	MONTGOMERY VILLAGE	A - Marked Patrol	(39.0920083333333, -77.19444)
03/31/2015	23:04:00	MCP	3rd district, Silver Spring	FAIL TO DISPLAY REG. CARD ON DEMAND	UNIVERSITY BLVD E @ MERRIMAC DR	38.99296333	-76.99189	No	No	No	No	No	No	No	MD	02 - Automobile	2006	DODGE	TK	GREEN	Citation	13-409(b)	Transportation Article	No	BLACK	M	HYATTSVILLE	A - Marked Patrol	(38.9929633333333, -76.99189)
03/31/2015	23:04:00	MCP	3rd district, Silver Spring	STOP LIGHTS (*)	UNIVERSITY BLVD E @ MERRIMAC DR	38.99296333	-76.99189	No	No	No	No	No	No	No	MD	02 - Automobile	2006	DODGE	TK	GREEN	ESERO	64*		No	BLACK	M	HYATTSVILLE	A - Marked Patrol	(38.9929633333333, -76.99189)
03/31/2015	23:04:00	MCP	4th district, Wheaton	AGGRESSIVE DRIVING	RTS 586/185 TO 4003 RANDOLPH RD	39.05848667	-77.048395	No	No	No	No	No	No	No	MD	02 - Automobile	1991	NISSAN	SENTRA	TAN	Citation	21-901.2	Transportation Article	No	HISPANIC	M	SILVER SPRING	A - Marked Patrol	(39.0584866666667, -77.048395)
03/31/2015	23:04:00	MCP	4th district, Wheaton	DRIVER CHANGING LANES WHEN UNSAFE	RTS 586/185 TO 4003 RANDOLPH RD	39.05848667	-77.048395	No	No	No	No	No	No	No	MD	02 - Automobile	1991	NISSAN	SENTRA	TAN	Citation	21-309(b)	Transportation Article	No	HISPANIC	M	SILVER SPRING	A - Marked Patrol	(39.0584866666667, -77.048395)
03/31/2015	23:04:00	MCP	4th district, Wheaton	DRIVER FAILURE TO STOP AT STOP SIGN LINE	RTS 586/185 TO 4003 RANDOLPH RD	39.05848667	-77.048395	No	No	No	No	No	No	No	MD	02 - Automobile	1991	NISSAN	SENTRA	TAN	Citation	21-707(a)	Transportation Article	No	HISPANIC	M	SILVER SPRING	A - Marked Patrol	(39.0584866666667, -77.048395)
03/31/2015	23:04:00	MCP	4th district, Wheaton	DRIVER OF MOTOR VEHICLE FOLLOWING VEHICLE CLOSER THAN REASONABLE AND PRUDENT	RTS 586/185 TO 4003 RANDOLPH RD	39.05848667	-77.048395	No	No	No	No	No	No	No	MD	02 - Automobile	1991	NISSAN	SENTRA	TAN	Citation	21-310(a)	Transportation Article	No	HISPANIC	M	SILVER SPRING	A - Marked Patrol	(39.0584866666667, -77.048395)
03/31/2015	23:04:00	MCP	4th district, Wheaton	DRIVER USE OF MOTOR VEH. HORN ON HWY. WHEN NOT REASONABLY NECESSARY FOR SAFETY	RTS 586/185 TO 4003 RANDOLPH RD	39.05848667	-77.048395	No	No	No	No	No	No	No	MD	02 - Automobile	1991	NISSAN	SENTRA	TAN	Citation	22-401(b)	Transportation Article	No	HISPANIC	M	SILVER SPRING	A - Marked Patrol	(39.0584866666667, -77.048395)
03/31/2015	23:04:00	MCP	4th district, Wheaton	DRIVING MOTOR VEHICLE ON HIGHWAY WITHOUT REQUIRED LICENSE AND AUTHORIZATION	RTS 586/185 TO 4003 RANDOLPH RD	39.05848667	-77.048395	No	No	No	No	No	No	No	MD	02 - Automobile	1991	NISSAN	SENTRA	TAN	Citation	16-101(a)	Transportation Article	No	HISPANIC	M	SILVER SPRING	A - Marked Patrol	(39.0584866666667, -77.048395)
03/31/2015	23:04:00	MCP	4th district, Wheaton	DRIVING UNDER THE INFLUENCE OF ALCOHOL PER SE	RTS 586/185 TO 4003 RANDOLPH RD	39.05848667	-77.048395	No	No	No	No	No	No	No	MD	02 - Automobile	1991	NISSAN	SENTRA	TAN	Citation	21-902(a2)	Transportation Article	No	HISPANIC	M	SILVER SPRING	A - Marked Patrol	(39.0584866666667, -77.048395)
03/31/2015	23:04:00	MCP	4th district, Wheaton	DRIVING VEHICLE IN EXCESS OF REASONABLE AND PRUDENT SPEED ON HIGHWAY	RTS 586/185 TO 4003 RANDOLPH RD	39.05848667	-77.048395	No	No	No	No	No	No	No	MD	02 - Automobile	1991	NISSAN	SENTRA	TAN	Citation	21-801(a)	Transportation Article	No	HISPANIC	M	SILVER SPRING	A - Marked Patrol	(39.0584866666667, -77.048395)
09/30/2014	20:10:00	MCP	2nd district, Bethesda	DRIVER FAILURE TO OBEY PROPERLY PLACED TRAFFIC CONTROL DEVICE INSTRUCTIONS	4406 EDGEFIELD RD			No	No	No	No	No	No	No	MD	02 - Automobile	1998	HONDA	CIVIC	BLACK	Citation	21-201(a1)	Transportation Article	No	WHITE	M	KENSINGTON	B - Unmarked Patrol
09/30/2014	20:10:00	MCP	2nd district, Bethesda	EXCEEDING MAXIMUM SPEED: 60 MPH IN A POSTED 25 MPH ZONE	4406 EDGEFIELD RD			No	No	No	No	No	No	No	MD	02 - Automobile	1998	HONDA	CIVIC	BLACK	Citation	21-801.1	Transportation Article	No	WHITE	M	KENSINGTON	B - Unmarked Patrol
09/30/2014	20:10:00	MCP	2nd district, Bethesda	FAILURE TO STOP AT STOP SIGN	4406 EDGEFIELD RD			No	No	No	No	No	No	No	MD	02 - Automobile	1998	HONDA	CIVIC	BLACK	Citation	21-707(a)	Transportation Article	No	WHITE	M	KENSINGTON	B - Unmarked Patrol
03/31/2015	23:04:00	MCP	4th district, Wheaton	DRIVING VEHICLE WHILE UNDER THE INFLUENCE OF ALCOHOL	RTS 586/185 TO 4003 RANDOLPH RD	39.05848667	-77.048395	No	No	No	No	No	No	No	MD	02 - Automobile	1991	NISSAN	SENTRA	TAN	Citation	21-902(a1)	Transportation Article	No	HISPANIC	M	SILVER SPRING	A - Marked Patrol	(39.0584866666667, -77.048395)
09/30/2014	20:00:00	MCP	1st district, Rockville	DRIVER FAILURE TO STOP AT STEADY CIRCULAR RED SIGNAL	HUNGERFORD DR AT N CAMPUS DR			No	No	No	No	No	No	No	PA	05 - Light Duty Truck	2009	GMC	SIERRA	BLUE, DARK	Citation	21-202(h1)	Transportation Article	No	WHITE	M	MUNSON	A - Marked Patrol
03/31/2015	23:04:00	MCP	4th district, Wheaton	DRIVING WHILE IMPAIRED BY ALCOHOL	RTS 586/185 TO 4003 RANDOLPH RD	39.05848667	-77.048395	No	No	No	No	No	No	No	MD	02 - Automobile	1991	NISSAN	SENTRA	TAN	Citation	21-902(b1)	Transportation Article	No	HISPANIC	M	SILVER SPRING	A - Marked Patrol	(39.0584866666667, -77.048395)
03/31/2015	23:04:00	MCP	4th district, Wheaton	EXCEEDING MAXIMUM SPEED: 50 MPH IN A POSTED 40 MPH ZONE	RTS 586/185 TO 4003 RANDOLPH RD	39.05848667	-77.048395	No	No	No	No	No	No	No	MD	02 - Automobile	1991	NISSAN	SENTRA	TAN	Citation	21-801.1	Transportation Article	No	HISPANIC	M	SILVER SPRING	A - Marked Patrol	(39.0584866666667, -77.048395)
03/31/2015	23:04:00	MCP	4th district, Wheaton	FAILURE OF LICENSEE TO NOTIFY ADMINISTRATION OF CHANGE OF ADDRESS WITHIN 30 DAYS	RTS 586/185 TO 4003 RANDOLPH RD	39.05848667	-77.048395	No	No	No	No	No	No	No	MD	02 - Automobile	1991	NISSAN	SENTRA	TAN	Citation	16-116(a)	Transportation Article	No	HISPANIC	M	SILVER SPRING	A - Marked Patrol	(39.0584866666667, -77.048395)
03/31/2015	23:04:00	MCP	4th district, Wheaton	FAILURE TO DISPLAY REGISTRATION CARD UPON DEMAND BY POLICE OFFICER	RTS 586/185 TO 4003 RANDOLPH RD	39.05848667	-77.048395	No	No	No	No	No	No	No	MD	02 - Automobile	1991	NISSAN	SENTRA	TAN	Citation	13-409(b)	Transportation Article	No	HISPANIC	M	SILVER SPRING	A - Marked Patrol	(39.0584866666667, -77.048395)
03/31/2015	23:04:00	MCP	4th district, Wheaton	FAILURE TO STOP AT STOP SIGN AT NEAREST POINT OF APPROACHING TRAFFIC VIEW	RTS 586/185 TO 4003 RANDOLPH RD	39.05848667	-77.048395	No	No	No	No	No	No	No	MD	02 - Automobile	1991	NISSAN	SENTRA	TAN	Citation	21-707(c)	Transportation Article	No	HISPANIC	M	SILVER SPRING	A - Marked Patrol	(39.0584866666667, -77.048395)
03/31/2015	23:04:00	MCP	4th district, Wheaton	HOLDER OF LEARNER'S PERMIT DRIVING W/O REQ. SUPERVISION	RTS 586/185 TO 4003 RANDOLPH RD	39.05848667	-77.048395	No	No	No	No	No	No	No	MD	02 - Automobile	1991	NISSAN	SENTRA	TAN	Citation	16-105(b1)	Transportation Article	No	HISPANIC	M	SILVER SPRING	A - Marked Patrol	(39.0584866666667, -77.048395)
09/30/2014	19:49:00	MCP	4th district, Wheaton	CAUSING STANDING VEH. TO OBSTRUCT FREE VEH. PASSAGE OF ROADWAY	GEORGIA AVE @ RANDOLPH RD			No	No	No	No	No	No	No	MD	02 - Automobile	1994	TOYOTA	4S	GRAY	Warning	21-1001(b)	Transportation Article	No	ASIAN	M	SILVER SPRING	A - Marked Patrol
09/30/2014	19:47:00	MCP	5th district, Germantown	EXCEEDING MAXIMUM SPEED: 60 MPH IN A POSTED 40 MPH ZONE	EB MIDDLEBROOK RD / OBSERVATION DR			No	No	No	No	No	No	No	MD	02 - Automobile	2012	CADI	SUV	BLACK	Citation	21-801.1	Transportation Article	No	WHITE	F	BETHESDA	Q - Marked Laser
03/31/2015	23:04:00	MCP	4th district, Wheaton	MOTOR VEH. W/O REQUIRED STOP LAMPS EQUIPMENT	RTS 586/185 TO 4003 RANDOLPH RD	39.05848667	-77.048395	No	No	No	No	No	No	No	MD	02 - Automobile	1991	NISSAN	SENTRA	TAN	Citation	22-206(a)	Transportation Article	No	HISPANIC	M	SILVER SPRING	A - Marked Patrol	(39.0584866666667, -77.048395)
03/31/2015	23:04:00	MCP	4th district, Wheaton	NEGLIGENT DRIVING VEHICLE IN CARELESS AND IMPRUDENT MANNER ENDANGERING PROPERTY, LIFE AND PERSON	RTS 586/185 TO 4003 RANDOLPH RD	39.05848667	-77.048395	No	No	No	No	No	No	No	MD	02 - Automobile	1991	NISSAN	SENTRA	TAN	Citation	21-901.1(b)	Transportation Article	No	HISPANIC	M	SILVER SPRING	A - Marked Patrol	(39.0584866666667, -77.048395)
03/31/2015	23:03:00	MCP	6th district, Gaithersburg / Montgomery Village	STOP LIGHTS (*)	SHADY GROVE RD/S. FREDERICK AVE	39.11994667	-77.18195167	No	No	No	No	No	No	No	MD	02 - Automobile	2007	CHEV	TK	BLACK	ESERO	64*		No	BLACK	M	BOWIE	A - Marked Patrol	(39.1199466666667, -77.1819516666667)
03/31/2015	23:01:00	MCP	3rd district, Silver Spring	FAILURE TO PROPERLY EQUIP & LOCATE HEADLAMPS ON MOTOR VEH.	GEORGIA AVE AT EAST WEST HIGHWAY	38.98780667	-77.02662167	No	No	No	No	No	No	No	DC	02 - Automobile	2011	TOYOTA	CAMRY	GREEN, LGT	Warning	22-203(b)	Transportation Article	No	BLACK	F	WASHINGTON	A - Marked Patrol	(38.9878066666667, -77.0266216666667)
03/31/2015	22:53:00	MCP	1st district, Rockville	DRIVER USING HANDS TO USE HANDHELD TELEPHONE WHILEMOTOR VEHICLE IS IN MOTION	TWINBROOK AND CHAPMAN AVE	39.05898833	-77.11810167	No	No	No	No	No	No	No	MD	02 - Automobile	2004	HONDA	2DR CIVIC	RED	Citation	21-1124.2(d2)	Transportation Article	No	BLACK	F	ROCKVILLE	A - Marked Patrol	(39.0589883333333, -77.1181016666667)
03/31/2015	22:53:00	MCP	1st district, Rockville	FAILURE OF VEH. ON HWY. TO DISPLAY LIGHTED LAMPS, ILLUMINATING DEVICE IN UNFAVORABLE VISIBILITY COND	TWINBROOK AND CHAPMAN AVE	39.05898833	-77.11810167	No	No	No	No	No	No	No	MD	02 - Automobile	2004	HONDA	2DR CIVIC	RED	Warning	22-201.1	Transportation Article	No	BLACK	F	ROCKVILLE	A - Marked Patrol	(39.0589883333333, -77.1181016666667)
03/31/2015	22:51:00	MCP	5th district, Germantown	EXCEEDING THE POSTED SPEED LIMIT OF 55 MPH	RT 270 AND FATHER HURLEY	39.19638167	-77.26230333	No	No	No	No	No	No	No	WV	02 - Automobile	2012	HONDA	ACCORD	GREEN, DK	Warning	21-801.1	Transportation Article	No	HISPANIC	F	MARTINSBURG	A - Marked Patrol	(39.1963816666667, -77.2623033333333)
03/31/2015	22:51:00	MCP	6th district, Gaithersburg / Montgomery Village	DRIVING VEHICLE IN EXCESS OF REASONABLE AND PRUDENT SPEED ON HIGHWAY	SHADY GROVE RD/CRABBS BRANCH RD	39.12757167	-77.17239	No	No	No	No	No	No	No	MD	02 - Automobile	2007	TOYOTA	SIENNA	GRAY	Warning	21-801(a)	Transportation Article	No	BLACK	F	GAITHERSBURG	A - Marked Patrol	(39.1275716666667, -77.17239)
03/31/2015	22:51:00	MCP	6th district, Gaithersburg / Montgomery Village	FAILURE TO DISPLAY REGISTRATION CARD UPON DEMAND BY POLICE OFFICER	SHADY GROVE RD/CRABBS BRANCH RD	39.12757167	-77.17239	No	No	No	No	No	No	No	MD	02 - Automobile	2007	TOYOTA	SIENNA	GRAY	Warning	13-409(b)	Transportation Article	No	BLACK	F	GAITHERSBURG	A - Marked Patrol	(39.1275716666667, -77.17239)
03/31/2015	22:51:00	MCP	6th district, Gaithersburg / Montgomery Village	STOP LIGHTS (*)	SHADY GROVE RD/CRABBS BRANCH RD	39.12757167	-77.17239	No	No	No	No	No	No	No	MD	02 - Automobile	2007	TOYOTA	SIENNA	GRAY	ESERO	64*		No	BLACK	F	GAITHERSBURG	A - Marked Patrol	(39.1275716666667, -77.17239)
03/31/2015	22:47:00	MCP	2nd district, Bethesda	HEADLIGHTS (*)	WOODMONT AT NORFOLK AVE			No	No	No	No	No	No	No	MD	02 - Automobile	2010	LEXUS	IS250	WHITE	ESERO	55*		No	WHITE	M	POTOMAC	A - Marked Patrol
03/31/2015	22:45:00	MCP	2nd district, Bethesda	DRIVER READING A TEXT MSG. WHILE OPER. VEH. IN TRAVEL PORTION OF HWY	OLD GEORGETOWN RD AT LONE OAK RD	39.0195	-77.12110667	No	No	No	No	No	No	No	DC	02 - Automobile	2009	HONDA	FIT	BLACK	Citation	21-1124.1(b)	Transportation Article	No	HISPANIC	F	WASHINGTON	A - Marked Patrol	(39.0195, -77.1211066666667)
09/30/2014	19:20:00	MCP	5th district, Germantown	EXCEEDING MAXIMUM SPEED: 57 MPH IN A POSTED 40 MPH ZONE	EB MIDDLEBROOK RD / OBSERVATION DR			No	No	No	No	No	No	No	MD	02 - Automobile	2011	MITS	4D	BLUE	Citation	21-801.1	Transportation Article	No	HISPANIC	M	SILVER SPRING	Q - Marked Laser
09/30/2014	19:20:00	MCP	5th district, Germantown	FAILURE TO DISPLAY REGISTRATION CARD UPON DEMAND BY POLICE OFFICER	EB MIDDLEBROOK RD / OBSERVATION DR			No	No	No	No	No	No	No	MD	02 - Automobile	2011	MITS	4D	BLUE	Citation	13-409(b)	Transportation Article	No	HISPANIC	M	SILVER SPRING	Q - Marked Laser
03/31/2015	22:45:00	MCP	6th district, Gaithersburg / Montgomery Village	DISPLAYING EXPIRED REGISTRATION PLATE ISSUED BY ANY STATE	WIGHTMAN RD/ ASPENWOOD LN	39.194325	-77.194985	No	No	No	No	No	No	No	MD	02 - Automobile	2012	MAZDA	6	GRAY	Citation	13-411(f)	Transportation Article	No	HISPANIC	M	GAITHERSBURG	A - Marked Patrol	(39.194325, -77.194985)
09/30/2014	19:05:00	MCP	1st district, Rockville	FAILURE TO ATTACH VEHICLE REGISTRATION PLATES AT FRONT AND REAR	28 @ WYE OAK			No	No	No	No	No	No	No	MD	02 - Automobile	1997	TOYOTA	COROLLA	GREEN	Warning	13-411(a)	Transportation Article	No	WHITE	F	OLNEY	A - Marked Patrol
09/30/2014	19:05:00	MCP	1st district, Rockville	FAILURE TO DISPLAY REGISTRATION CARD UPON DEMAND BY POLICE OFFICER	28 @ WYE OAK			No	No	No	No	No	No	No	MD	02 - Automobile	1997	TOYOTA	COROLLA	GREEN	Warning	13-409(b)	Transportation Article	No	WHITE	F	OLNEY	A - Marked Patrol
03/31/2015	22:45:00	MCP	6th district, Gaithersburg / Montgomery Village	DRIVING VEHICLE ON HIGHWAY WITH SUSPENDED REGISTRATION	WIGHTMAN RD/ ASPENWOOD LN	39.194325	-77.194985	No	No	No	No	No	No	No	MD	02 - Automobile	2012	MAZDA	6	GRAY	Citation	13-401(h)	Transportation Article	No	HISPANIC	M	GAITHERSBURG	A - Marked Patrol	(39.194325, -77.194985)
03/31/2015	22:44:00	MCP	1st district, Rockville	FAILURE OF VEH. ON HWY. TO DISPLAY LIGHTED LAMPS, ILLUMINATING DEVICE IN UNFAVORABLE VISIBILITY COND	TWINBROOK AND CHAPMAN AVE	39.05879167	-77.12014333	No	No	No	No	No	No	No	MD	02 - Automobile	2003	HONDA	2DR ACCORD	WHITE	Citation	22-201.1	Transportation Article	No	HISPANIC	M	SILVER SPRING	A - Marked Patrol	(39.0587916666667, -77.1201433333333)
03/31/2015	22:44:00	MCP	4th district, Wheaton	FAILURE TO MAINTAIN LEGIBLE REGISTRATION PLATE FREE FROM COVERS	HATHAWAY DRIVE AND WELLER ROAD	39.06379833	-77.071015	No	No	No	No	No	No	No	MD	02 - Automobile	2003	GMC	SUV	WHITE	Warning	13-411(c1)	Transportation Article	No	HISPANIC	M	SILVER SPRING	A - Marked Patrol	(39.0637983333333, -77.071015)
03/31/2015	22:43:00	MCP	4th district, Wheaton	DRIVER FAILURE TO OBEY DESIGNATED LANE DIRECTIONS	12020 VEIRS MILL RD	39.0597	-77.04861167	No	No	No	No	No	No	No	MD	02 - Automobile	2000	CHEV	ASTROVAN	BLUE, DARK	Citation	21-309(d)	Transportation Article	No	HISPANIC	M	SILVER SPRING	A - Marked Patrol	(39.0597, -77.0486116666667)
03/31/2015	22:43:00	MCP	4th district, Wheaton	DRIVING VEH. W/O ADEQUATE REAR REG. PLATE ILLUMINATION	12020 VEIRS MILL RD	39.0597	-77.04861167	No	No	No	No	No	No	No	MD	02 - Automobile	2000	CHEV	ASTROVAN	BLUE, DARK	Citation	22-204(f)	Transportation Article	No	HISPANIC	M	SILVER SPRING	A - Marked Patrol	(39.0597, -77.0486116666667)
03/31/2015	22:43:00	MCP	4th district, Wheaton	DRIVING VEHICLE WHILE UNDER THE INFLUENCE OF ALCOHOL	12020 VEIRS MILL RD	39.0597	-77.04861167	No	No	No	No	No	No	No	MD	02 - Automobile	2000	CHEV	ASTROVAN	BLUE, DARK	Citation	21-902(a1)	Transportation Article	No	HISPANIC	M	SILVER SPRING	A - Marked Patrol	(39.0597, -77.0486116666667)
03/31/2015	22:43:00	MCP	4th district, Wheaton	DRIVING WHILE IMPAIRED BY ALCOHOL	12020 VEIRS MILL RD	39.0597	-77.04861167	No	No	No	No	No	No	No	MD	02 - Automobile	2000	CHEV	ASTROVAN	BLUE, DARK	Citation	21-902(b1)	Transportation Article	No	HISPANIC	M	SILVER SPRING	A - Marked Patrol	(39.0597, -77.0486116666667)
03/31/2015	22:43:00	MCP	4th district, Wheaton	FAILURE OF VEH. ON HWY. TO DISPLAY LIGHTED LAMPS, ILLUMINATING DEVICE IN UNFAVORABLE VISIBILITY COND	12020 VEIRS MILL RD	39.0597	-77.04861167	No	No	No	No	No	No	No	MD	02 - Automobile	2000	CHEV	ASTROVAN	BLUE, DARK	Citation	22-201.1	Transportation Article	No	HISPANIC	M	SILVER SPRING	A - Marked Patrol	(39.0597, -77.0486116666667)
03/31/2015	22:43:00	MCP	4th district, Wheaton	FAILURE TO DISPLAY & REFLECT RED COLOR LIGHT ON REAR LAMPS AND REFLECTORS AS REQ.	12020 VEIRS MILL RD	39.0597	-77.04861167	No	No	No	No	No	No	No	MD	02 - Automobile	2000	CHEV	ASTROVAN	BLUE, DARK	Citation	22-209(b)	Transportation Article	No	HISPANIC	M	SILVER SPRING	A - Marked Patrol	(39.0597, -77.0486116666667)
03/31/2015	22:43:00	MCP	4th district, Wheaton	FAILURE TO DISPLAY TWO LIGHTED FRONT LAMPS WHEN REQUIRED	12020 VEIRS MILL RD	39.0597	-77.04861167	No	No	No	No	No	No	No	MD	02 - Automobile	2000	CHEV	ASTROVAN	BLUE, DARK	Citation	22-226(a)	Transportation Article	No	HISPANIC	M	SILVER SPRING	A - Marked Patrol	(39.0597, -77.0486116666667)
03/31/2015	22:43:00	MCP	4th district, Wheaton	KNOWINGLY DRIVING UNINSURED VEHICLE	12020 VEIRS MILL RD	39.0597	-77.04861167	No	No	No	No	No	No	No	MD	02 - Automobile	2000	CHEV	ASTROVAN	BLUE, DARK	Citation	17-107	Transportation Article	No	HISPANIC	M	SILVER SPRING	A - Marked Patrol	(39.0597, -77.0486116666667)
03/31/2015	22:43:00	MCP	4th district, Wheaton	NEGLIGENT DRIVING VEHICLE IN CARELESS AND IMPRUDENT MANNER ENDANGERING PROPERTY, LIFE AND PERSON	12020 VEIRS MILL RD	39.0597	-77.04861167	No	No	No	No	No	No	No	MD	02 - Automobile	2000	CHEV	ASTROVAN	BLUE, DARK	Citation	21-901.1(b)	Transportation Article	No	HISPANIC	M	SILVER SPRING	A - Marked Patrol	(39.0597, -77.0486116666667)
03/31/2015	22:41:00	MCP	6th district, Gaithersburg / Montgomery Village	DRIVING VEH. W/O ADEQUATE REAR REG. PLATE ILLUMINATION	WOODFIELD RD AT LINDBERGH DR	39.16682	-77.15561667	No	No	No	No	No	No	No	MD	02 - Automobile	2002	SUBA	4S	SILVER	Warning	22-204(f)	Transportation Article	No	WHITE	M	MONTGOMERY VILLAGE	A - Marked Patrol	(39.16682, -77.1556166666667)
03/31/2015	22:41:00	MCP	6th district, Gaithersburg / Montgomery Village	MOTOR VEH. EQUIPPED WITH UNLAWFULLY MODIFIED EXHAUST SYSTEM	WOODFIELD RD AT LINDBERGH DR	39.16682	-77.15561667	No	No	No	No	No	No	No	MD	02 - Automobile	2002	SUBA	4S	SILVER	Warning	22-609(b)	Transportation Article	No	WHITE	M	MONTGOMERY VILLAGE	A - Marked Patrol	(39.16682, -77.1556166666667)
03/31/2015	22:41:00	MCP	3rd district, Silver Spring	DISPLAY SUSPENDED LIC.	UNIVERSITY BLVD E @ EAST MELBOURNE AVE	39.00940167	-76.99928	No	No	No	No	No	No	No	MD	02 - Automobile	2010	TOYOTA	CAMRY	SILVER	Citation	16-301(e)	Transportation Article	No	HISPANIC	F	MONTGOMERY VILLAGE	A - Marked Patrol	(39.0094016666667, -76.99928)
03/31/2015	22:41:00	MCP	3rd district, Silver Spring	PERSON DRIVING MOTOR VEHICLE ON HIGHWAY OR PUBLIC USE PROPERTY ON SUSPENDED LICENSE AND PRIVILEGE	UNIVERSITY BLVD E @ EAST MELBOURNE AVE	39.00940167	-76.99928	No	No	No	No	No	No	No	MD	02 - Automobile	2010	TOYOTA	CAMRY	SILVER	Citation	16-303(c)	Transportation Article	No	HISPANIC	F	MONTGOMERY VILLAGE	A - Marked Patrol	(39.0094016666667, -76.99928)
03/31/2015	22:41:00	MCP	3rd district, Silver Spring	PERSON DRIVING MOTOR VEHICLE WHILE LICENSE SUSPENDED UNDER 17-106, 26-204, 26-206, 27-103	UNIVERSITY BLVD E @ EAST MELBOURNE AVE	39.00940167	-76.99928	No	No	No	No	No	No	No	MD	02 - Automobile	2010	TOYOTA	CAMRY	SILVER	Citation	16-303(h)	Transportation Article	No	HISPANIC	F	MONTGOMERY VILLAGE	A - Marked Patrol	(39.0094016666667, -76.99928)
03/31/2015	22:41:00	MCP	3rd district, Silver Spring	POSSESSING SUSPENDED LIC.	UNIVERSITY BLVD E @ EAST MELBOURNE AVE	39.00940167	-76.99928	No	No	No	No	No	No	No	MD	02 - Automobile	2010	TOYOTA	CAMRY	SILVER	Citation	16-301(j)	Transportation Article	No	HISPANIC	F	MONTGOMERY VILLAGE	A - Marked Patrol	(39.0094016666667, -76.99928)
03/31/2015	22:40:00	MCP	6th district, Gaithersburg / Montgomery Village	EXCEEDING THE POSTED SPEED LIMIT OF 40 MPH	N/B SNOUFFERS SCHOOL RD / MALLORY PL	39.167645	-77.17400333	No	No	No	No	No	No	No	MD	02 - Automobile	2005	HONDA	PILOT	BLUE	Warning	21-801.1	Transportation Article	No	WHITE	M	MONTGOMERY VILLAGE	A - Marked Patrol	(39.167645, -77.1740033333333)
09/30/2014	18:20:00	MCP	5th district, Germantown	DRIVER WHEN TURNING LEFT FAIL TO YIELD RIGHT OF WAY TO VEHICLE APPROACHING FROM OPPOSITE DIRECTION	FREDERICK RD @ SHAKESPEARE DR			No	No	No	No	No	No	No	MD	02 - Automobile	2013	FORD	EDGE	WHITE	Warning	21-402(a)	Transportation Article	No	WHITE	M	GERMANTOWN	A - Marked Patrol
03/31/2015	22:39:00	MCP	2nd district, Bethesda	DRIVER FAILURE TO OBEY PROPERLY PLACED TRAFFIC CONTROL DEVICE INSTRUCTIONS	RIVER RD / FALLS RD	39.01527667	-77.204765	No	No	No	No	No	No	No	MD	02 - Automobile	2009	TOYOTA	PRIUS	SILVER	Warning	21-201(a1)	Transportation Article	No	WHITE	M	BETHESDA	A - Marked Patrol	(39.0152766666667, -77.204765)
03/31/2015	22:39:00	MCP	2nd district, Bethesda	DRIVER FAILURE TO STOP AT STEADY CIRCULAR RED SIGNAL	RIVER RD / FALLS RD	39.01527667	-77.204765	No	No	No	No	No	No	No	MD	02 - Automobile	2009	TOYOTA	PRIUS	SILVER	Warning	21-202(h1)	Transportation Article	No	WHITE	M	BETHESDA	A - Marked Patrol	(39.0152766666667, -77.204765)
03/31/2015	22:39:00	MCP	2nd district, Bethesda	DRIVER FAILURE TO STOP AT STOP SIGN LINE	RIVER RD / FALLS RD	39.01527667	-77.204765	No	No	No	No	No	No	No	MD	02 - Automobile	2009	TOYOTA	PRIUS	SILVER	Warning	21-707(a)	Transportation Article	No	WHITE	M	BETHESDA	A - Marked Patrol	(39.0152766666667, -77.204765)
03/31/2015	22:39:00	MCP	3rd district, Silver Spring	PERSON DRIVING MOTOR VEHICLE ON HIGHWAY OR PUBLIC USE PROPERTY ON SUSPENDED LICENSE AND PRIVILEGE	FENTON ST @ BURINGTON AVE	38.98821	-77.023815	No	No	No	No	No	No	No	MD	02 - Automobile	2004	TOYOTA	COROLLA	SILVER	Citation	16-303(c)	Transportation Article	No	BLACK	F	SILVER SPRING	A - Marked Patrol	(38.98821, -77.023815)
09/30/2014	18:14:00	MCP	5th district, Germantown	DRIVER FAILURE TO STOP AT STEADY CIRCULAR RED SIGNAL	FREDERICK RD@ MILESTONE SC			No	No	No	No	No	No	No	MD	02 - Automobile	2007	CHEV	TK	BLACK	Warning	21-202(h1)	Transportation Article	No	ASIAN	F	GERMANTOWN	A - Marked Patrol
03/31/2015	22:39:00	MCP	3rd district, Silver Spring	PERSON DRIVING MOTOR VEHICLE WHILE LICENSE SUSPENDED UNDER 17-106, 26-204, 26-206, 27-103	FENTON ST @ BURINGTON AVE	38.98821	-77.023815	No	No	No	No	No	No	No	MD	02 - Automobile	2004	TOYOTA	COROLLA	SILVER	Citation	16-303(h)	Transportation Article	No	BLACK	F	SILVER SPRING	A - Marked Patrol	(38.98821, -77.023815)
03/31/2015	22:37:00	MCP	2nd district, Bethesda	DRIVER FAILURE TO STOP AT STOP SIGN LINE	CORDELL/ WOODMONT	38.99086167	-77.09688667	No	No	No	No	No	No	No	MD	02 - Automobile	2000	ACURA	35RL	GREEN	Warning	21-707(a)	Transportation Article	No	ASIAN	M	ROCKVILLE	A - Marked Patrol	(38.9908616666667, -77.0968866666667)
03/31/2015	22:37:00	MCP	2nd district, Bethesda	HEADLIGHTS (*)	CORDELL/ WOODMONT	38.99086167	-77.09688667	No	No	No	No	No	No	No	MD	02 - Automobile	2000	ACURA	35RL	GREEN	ESERO	55*		No	ASIAN	M	ROCKVILLE	A - Marked Patrol	(38.9908616666667, -77.0968866666667)
03/31/2015	22:35:00	MCP	5th district, Germantown	PERSON DRIVING MOTOR VEHICLE ON HIGHWAY OR PUBLIC USE PROPERTY ON SUSPENDED LICENSE AND PRIVILEGE	MIDDLEBROOK RD @ 270	39.17634167	-77.24548667	No	No	No	No	No	No	No	MD	02 - Automobile	2005	TOYOTA	HIGHLANDER	SILVER	Citation	16-303(c)	Transportation Article	No	BLACK	F	GERMANTOWN	A - Marked Patrol	(39.1763416666667, -77.2454866666667)
03/31/2015	22:35:00	MCP	5th district, Germantown	PERSON DRIVING MOTOR VEHICLE WHILE LICENSE SUSPENDED UNDER 17-106, 26-204, 26-206, 27-103	MIDDLEBROOK RD @ 270	39.17634167	-77.24548667	No	No	No	No	No	No	No	MD	02 - Automobile	2005	TOYOTA	HIGHLANDER	SILVER	Citation	16-303(h)	Transportation Article	No	BLACK	F	GERMANTOWN	A - Marked Patrol	(39.1763416666667, -77.2454866666667)
03/31/2015	22:31:00	MCP	4th district, Wheaton	DRIVING MOTOR VEHICLE ON HIGHWAY WITHOUT REQUIRED LICENSE AND AUTHORIZATION	GEORGIA AVE @ RANDOLPH RD	39.05655667	-77.05007167	No	No	No	No	No	No	No	MD	02 - Automobile	2005	FORD	TK	GRAY	Citation	16-101(a)	Transportation Article	No	HISPANIC	M	NEW CARROLLTON	A - Marked Patrol	(39.0565566666667, -77.0500716666667)
03/31/2015	22:31:00	MCP	4th district, Wheaton	DRIVING VEH. W/O ADEQUATE REAR REG. PLATE ILLUMINATION	GEORGIA AVE @ RANDOLPH RD	39.05655667	-77.05007167	No	No	No	No	No	No	No	MD	02 - Automobile	2005	FORD	TK	GRAY	Citation	22-204(f)	Transportation Article	No	HISPANIC	M	NEW CARROLLTON	A - Marked Patrol	(39.0565566666667, -77.0500716666667)
03/31/2015	22:31:00	MCP	4th district, Wheaton	PERSON DRIVING MOTOR VEHICLE ON HIGHWAY OR PUBLIC USE PROPERTY ON REVOKED LICENSE AND PRIVILEGE	GEORGIA AVE @ RANDOLPH RD	39.05655667	-77.05007167	No	No	No	No	No	No	No	MD	02 - Automobile	2005	FORD	TK	GRAY	Citation	16-303(d)	Transportation Article	No	HISPANIC	M	NEW CARROLLTON	A - Marked Patrol	(39.0565566666667, -77.0500716666667)
03/31/2015	22:31:00	MCP	4th district, Wheaton	PERSON DRIVING MOTOR VEHICLE ON HIGHWAY OR PUBLIC USE PROPERTY ON SUSPENDED LICENSE AND PRIVILEGE	GEORGIA AVE @ RANDOLPH RD	39.05655667	-77.05007167	No	No	No	No	No	No	No	MD	02 - Automobile	2005	FORD	TK	GRAY	Citation	16-303(c)	Transportation Article	No	HISPANIC	M	NEW CARROLLTON	A - Marked Patrol	(39.0565566666667, -77.0500716666667)
03/31/2015	22:31:00	MCP	4th district, Wheaton	PERSON DRIVING MOTOR VEHICLE WHILE LICENSE SUSPENDED UNDER 17-106, 26-204, 26-206, 27-103	GEORGIA AVE @ RANDOLPH RD	39.05655667	-77.05007167	No	No	No	No	No	No	No	MD	02 - Automobile	2005	FORD	TK	GRAY	Citation	16-303(h)	Transportation Article	No	HISPANIC	M	NEW CARROLLTON	A - Marked Patrol	(39.0565566666667, -77.0500716666667)
03/31/2015	22:31:00	MCP	4th district, Wheaton	POSSESSING REVOKED LIC.	GEORGIA AVE @ RANDOLPH RD	39.05655667	-77.05007167	No	No	No	No	No	No	No	MD	02 - Automobile	2005	FORD	TK	GRAY	Citation	16-301(i)	Transportation Article	No	HISPANIC	M	NEW CARROLLTON	A - Marked Patrol	(39.0565566666667, -77.0500716666667)
03/31/2015	22:31:00	MCP	4th district, Wheaton	POSSESSING SUSPENDED LIC.	GEORGIA AVE @ RANDOLPH RD	39.05655667	-77.05007167	No	No	No	No	No	No	No	MD	02 - Automobile	2005	FORD	TK	GRAY	Citation	16-301(j)	Transportation Article	No	HISPANIC	M	NEW CARROLLTON	A - Marked Patrol	(39.0565566666667, -77.0500716666667)
03/31/2015	22:25:00	MCP	2nd district, Bethesda	DRIVER FAILURE TO OBEY PROPERLY PLACED TRAFFIC CONTROL DEVICE INSTRUCTIONS	RIVER RD / FALLS RD	39.01947333	-77.21087167	No	No	No	No	No	No	No	MD	02 - Automobile	2005	TOYOTA	RAV4	SILVER	Warning	21-201(a1)	Transportation Article	No	HISPANIC	M	BLADENSBURG	A - Marked Patrol	(39.0194733333333, -77.2108716666667)
03/31/2015	22:25:00	MCP	2nd district, Bethesda	DRIVER FAILURE TO STOP AT STEADY CIRCULAR RED SIGNAL	RIVER RD / FALLS RD	39.01947333	-77.21087167	No	No	No	No	No	No	No	MD	02 - Automobile	2005	TOYOTA	RAV4	SILVER	Warning	21-202(h1)	Transportation Article	No	HISPANIC	M	BLADENSBURG	A - Marked Patrol	(39.0194733333333, -77.2108716666667)
03/31/2015	22:25:00	MCP	2nd district, Bethesda	DRIVER FAILURE TO STOP AT STOP SIGN LINE	RIVER RD / FALLS RD	39.01947333	-77.21087167	No	No	No	No	No	No	No	MD	02 - Automobile	2005	TOYOTA	RAV4	SILVER	Warning	21-707(a)	Transportation Article	No	HISPANIC	M	BLADENSBURG	A - Marked Patrol	(39.0194733333333, -77.2108716666667)
03/31/2015	22:24:00	MCP	2nd district, Bethesda	FAILURE OF VEH. ON HWY. TO DISPLAY LIGHTED LAMPS, ILLUMINATING DEVICE IN UNFAVORABLE VISIBILITY COND	WOODMONT/ CORDELL	38.99040667	-77.09651	No	No	No	No	No	No	No	VA	02 - Automobile	2011	MAZDA	3	BLUE	Warning	22-201.1	Transportation Article	No	WHITE	M	TORRANCE	A - Marked Patrol	(38.9904066666667, -77.09651)
03/31/2015	22:21:00	MCP	3rd district, Silver Spring	STOP LIGHTS (*)	FRANKLIN AVE @ FLOWER AVE	39.010205	-77.00926	No	No	No	No	No	No	No	MD	02 - Automobile	1999	TOYT	COROLLA	RED	ESERO	64*		No	HISPANIC	F	DERWOOD	A - Marked Patrol	(39.010205, -77.00926)
03/31/2015	22:19:00	MCP	5th district, Germantown	DRIVING VEH. W/O ADEQUATE REAR REG. PLATE ILLUMINATION	CRYSTAL ROCK DR/REXMORE DR	39.18456667	-77.26504	No	No	No	No	No	No	No	MD	02 - Automobile	2008	DODGE	4S	BLUE	Warning	22-204(f)	Transportation Article	No	WHITE	M	GERMANTOWN	A - Marked Patrol	(39.1845666666667, -77.26504)
03/31/2015	22:18:00	MCP	2nd district, Bethesda	EXCEEDING MAXIMUM SPEED: 39 MPH IN A POSTED 30 MPH ZONE	EAST WEST HWY / EDGEVALE ST	38.98785667	-77.07800333	No	No	No	No	No	No	No	MD	02 - Automobile	2008	SCION	XD	SILVER	Citation	21-801.1	Transportation Article	No	OTHER	F	SILVER SPRING	Q - Marked Laser	(38.9878566666667, -77.0780033333333)
03/31/2015	22:18:00	MCP	5th district, Germantown	EXCEEDING THE POSTED SPEED LIMIT OF 55 MPH	NB I270 AT SHADY GROVE ROAD	39.132485	-77.20711833	No	No	No	No	No	No	No	WV	02 - Automobile	1996	TOYOTA	CAMRY	SILVER	Warning	21-801.1	Transportation Article	No	WHITE	M	MARTINSBURG	A - Marked Patrol	(39.132485, -77.2071183333333)
03/31/2015	22:15:00	MCP	5th district, Germantown	DRIVING MOTOR VEHICLE ON HIGHWAY WITHOUT REQUIRED LICENSE AND AUTHORIZATION	CRYSTAL ROCK DRIVE AND AIRCRAFT DRIVE	39.18805667	-77.26487167	No	No	No	No	No	No	No	MD	02 - Automobile	2004	TOYOTA	SOLARA	SILVER	Citation	16-101(a)	Transportation Article	No	WHITE	F	GERMANTOWN	A - Marked Patrol	(39.1880566666667, -77.2648716666667)
03/31/2015	22:15:00	MCP	5th district, Germantown	PERSON DRIVING MOTOR VEHICLE ON HIGHWAY OR PUBLIC USE PROPERTY ON SUSPENDED LICENSE AND PRIVILEGE	CRYSTAL ROCK DRIVE AND AIRCRAFT DRIVE	39.18805667	-77.26487167	No	No	No	No	No	No	No	MD	02 - Automobile	2004	TOYOTA	SOLARA	SILVER	Citation	16-303(c)	Transportation Article	No	WHITE	F	GERMANTOWN	A - Marked Patrol	(39.1880566666667, -77.2648716666667)
03/31/2015	22:15:00	MCP	5th district, Germantown	PERSON DRIVING MOTOR VEHICLE WHILE LICENSE SUSPENDED UNDER 17-106, 26-204, 26-206, 27-103	CRYSTAL ROCK DRIVE AND AIRCRAFT DRIVE	39.18805667	-77.26487167	No	No	No	No	No	No	No	MD	02 - Automobile	2004	TOYOTA	SOLARA	SILVER	Citation	16-303(h)	Transportation Article	No	WHITE	F	GERMANTOWN	A - Marked Patrol	(39.1880566666667, -77.2648716666667)
03/31/2015	22:15:00	MCP	5th district, Germantown	STOP LIGHTS (*)	CRYSTAL ROCK DRIVE AND AIRCRAFT DRIVE	39.18805667	-77.26487167	No	No	No	No	No	No	No	MD	02 - Automobile	2004	TOYOTA	SOLARA	SILVER	ESERO	64*		No	WHITE	F	GERMANTOWN	A - Marked Patrol	(39.1880566666667, -77.2648716666667)
03/31/2015	22:15:00	MCP	5th district, Germantown	TAG LIGHTS (*)	CRYSTAL ROCK DRIVE AND AIRCRAFT DRIVE	39.18805667	-77.26487167	No	No	No	No	No	No	No	MD	02 - Automobile	2004	TOYOTA	SOLARA	SILVER	ESERO	65*		No	WHITE	F	GERMANTOWN	A - Marked Patrol	(39.1880566666667, -77.2648716666667)
03/31/2015	22:15:00	MCP	4th district, Wheaton	USING DEVICE ON MOTOR VEH. EXHAUST CAUSING EXCESSIVE NOISE	CONNECTICUT AVENUE AND WELLER ROAD	39.06445	-77.07413167	No	No	No	No	No	No	No	MD	02 - Automobile	1997	HONDA	CIVIC 4D	GREEN	Warning	22-402(b)	Transportation Article	No	HISPANIC	M	SILVER SPRING	A - Marked Patrol	(39.06445, -77.0741316666667)
03/31/2015	22:14:00	MCP	2nd district, Bethesda	DRIVING VEHICLE ON HIGHWAY WITH SUSPENDED REGISTRATION	OLD GEORGETOWN RD AT 270 ON RAMP	39.03149167	-77.12890167	No	No	No	No	No	No	No	MD	02 - Automobile	2011	HONDA	CIVIC	SILVER	Citation	13-401(h)	Transportation Article	No	BLACK	M	SILVER SPRING	A - Marked Patrol	(39.0314916666667, -77.1289016666667)
03/31/2015	22:14:00	MCP	3rd district, Silver Spring	FAILING TO SECURE CHILD UNDER AGE 8 IN CHILD SAFETY SEAT WHEN TRANSPORTING IN MOTOR VEHICLE	PINEY BRANCH ROAD / UNIVERSITY BLV E	38.999685	-76.99304667	No	No	No	No	No	No	No	DC	02 - Automobile	1995	JEEP	TK	GREEN, DK	Citation	22-412.2(d)	Transportation Article	No	HISPANIC	M	WASHINGTON	A - Marked Patrol	(38.999685, -76.9930466666667)
03/31/2015	22:14:00	MCP	3rd district, Silver Spring	OCCUPANT UNDER 16 NOT RESTRAINED BY SEATBELT	PINEY BRANCH ROAD / UNIVERSITY BLV E	38.999685	-76.99304667	No	No	No	No	No	No	No	DC	02 - Automobile	1995	JEEP	TK	GREEN, DK	Citation	22-412.3(b)	Transportation Article	No	HISPANIC	M	WASHINGTON	A - Marked Patrol	(38.999685, -76.9930466666667)
03/31/2015	22:14:00	MCP	3rd district, Silver Spring	UNSAFE LANE CHANGING	PINEY BRANCH ROAD / UNIVERSITY BLV E	38.999685	-76.99304667	No	No	No	No	No	No	No	DC	02 - Automobile	1995	JEEP	TK	GREEN, DK	Warning	21-309(b)	Transportation Article	No	HISPANIC	M	WASHINGTON	A - Marked Patrol	(38.999685, -76.9930466666667)
03/31/2015	22:12:00	MCP	3rd district, Silver Spring	DRIVING VEHICLE ON HIGHWAY WITH SUSPENDED REGISTRATION	RT 198 / COLUMBIA PIKE	39.11060667	-76.93333333	No	Yes	No	No	No	No	No	MD	02 - Automobile	2004	HONDA	ACCORD	BLACK	Warning	13-401(h)	Transportation Article	No	BLACK	M	BALTIMORE	A - Marked Patrol	(39.1106066666667, -76.9333333333333)
03/31/2015	22:10:00	MCP	5th district, Germantown	FAILURE OF VEH. ON HWY. TO DISPLAY LIGHTED LAMPS, ILLUMINATING DEVICE IN UNFAVORABLE VISIBILITY COND	MIDDLEBROOK/CRYSTAL ROCK	39.17708167	-77.26454833	No	No	No	No	No	No	No	VA	02 - Automobile	2001	NISSAN	MAXIMA	GRAY	Warning	22-201.1	Transportation Article	No	BLACK	M	GAITHERSBURG	A - Marked Patrol	(39.1770816666667, -77.2645483333333)
03/31/2015	22:10:00	MCP	4th district, Wheaton	DISPLAYING EXPIRED REGISTRATION PLATE ISSUED BY ANY STATE	GEORGIA AVE @ SHOREFIELD RD	39.0524	-77.05120667	No	No	No	No	No	No	No	MD	02 - Automobile	2014	HONDA	ACCORD	SILVER	Warning	13-411(f)	Transportation Article	No	ASIAN	M	WASHINGTON	A - Marked Patrol	(39.0524, -77.0512066666667)
03/31/2015	22:08:00	MCP	1st district, Rockville	DRIVING VEHICLE ON HIGHWAY WITH SUSPENDED REGISTRATION	BEST BUY ON HUNGERFORD DR	39.06985833	-77.13108667	No	No	No	No	No	No	No	MD	02 - Automobile	2006	SCION	XA	WHITE	Warning	13-401(h)	Transportation Article	No	ASIAN	M	SILVER SPRING	A - Marked Patrol	(39.0698583333333, -77.1310866666667)
03/31/2015	22:02:00	MCP	6th district, Gaithersburg / Montgomery Village	DRIVER FAILURE TO REDUCE LIGHT DISTRIBUTION WHEN WITHIN 300 FEET OF APPROACHING VEH. FROM REAR	WOODFIELD RD/EMORY GROVE RD	39.15302167	-77.17095667	No	No	No	No	No	No	No	MD	02 - Automobile	2002	HONDA	ACCORD	BLACK	Warning	22-223(c)	Transportation Article	No	WHITE	F	GAITHERSBURG	A - Marked Patrol	(39.1530216666667, -77.1709566666667)
03/31/2015	21:58:00	MCP	6th district, Gaithersburg / Montgomery Village	DRIVING VEHICLE ON HIGHWAY WITH SUSPENDED REGISTRATION	MONTGOMERY VILLAGE AVE / WALKERS CHOICE	39.16372833	-77.20329833	No	No	No	No	No	No	No	MD	02 - Automobile	2007	CHEVROLET	MALIBU	GRAY	Warning	13-401(h)	Transportation Article	No	HISPANIC	M	FREDERICK	A - Marked Patrol	(39.1637283333333, -77.2032983333333)
03/31/2015	21:57:00	MCP	6th district, Gaithersburg / Montgomery Village	DRIVING VEHICLE ON HIGHWAY WITH SUSPENDED REGISTRATION	355/124	39.15383833	-77.21344333	No	No	No	No	No	No	No	MD	02 - Automobile	2000	CHRY	VN	SILVER	Warning	13-401(h)	Transportation Article	No	WHITE	M	GAITHERSBURG	A - Marked Patrol	(39.1538383333333, -77.2134433333333)
03/31/2015	21:57:00	MCP	4th district, Wheaton	DRIVER FAILURE TO REDUCE LIGHT DISTRIBUTION WHEN WITHIN 300 FEET OF APPROACHING VEH. FROM REAR	UNIVERSITY BLVD @ GEORGIA AVE	39.041385	-77.04863333	No	No	No	No	No	No	No	MD	02 - Automobile	2003	TOYOTA	CAMRY	SILVER	Warning	22-223(c)	Transportation Article	No	BLACK	M	TAKOMA PARK	A - Marked Patrol	(39.041385, -77.0486333333333)
09/30/2014	17:32:00	MCP	5th district, Germantown	DRIVER USING HANDS TO USE HANDHELD TELEPHONE WHILEMOTOR VEHICLE IS IN MOTION	RIDGE RD @ OBSERVATION DRIVE			No	No	No	No	No	No	No	MD	05 - Light Duty Truck	2003	CHEV	TK	WHITE	Warning	21-1124.2(d2)	Transportation Article	No	WHITE	M	POOLESVILLE	B - Unmarked Patrol
03/31/2015	21:57:00	MCP	4th district, Wheaton	FAILURE TO PROPERLY EQUIP & LOCATE HEADLAMPS ON MOTOR VEH.	UNIVERSITY BLVD @ GEORGIA AVE	39.041385	-77.04863333	No	No	No	No	No	No	No	MD	02 - Automobile	2003	TOYOTA	CAMRY	SILVER	Warning	22-203(b)	Transportation Article	No	BLACK	M	TAKOMA PARK	A - Marked Patrol	(39.041385, -77.0486333333333)
03/31/2015	21:55:00	MCP	1st district, Rockville	DRIVING VEHICLE ON HIGHWAY WITHOUT CURRENT REGISTRATION PLATES AND VALIDATION TABS	ROCKVILLE PIKE AT PARK RD			No	No	No	No	No	No	No	VA	02 - Automobile	2013	NISSAN	SENTRA	WHITE	Citation	13-411(d)	Transportation Article	No	WHITE	F	FALLS CHURCH	A - Marked Patrol
03/31/2015	21:55:00	MCP	3rd district, Silver Spring	DRIVING VEH. W/O ADEQUATE REAR REG. PLATE ILLUMINATION	GEORGIA AVE/COLESVILLE RD	38.99667	-77.02878667	No	No	No	No	No	No	No	DC	02 - Automobile	2004	AUDI	A4	GRAY	Warning	22-204(f)	Transportation Article	No	BLACK	M	WASHINGTON	A - Marked Patrol	(38.99667, -77.0287866666667)
03/31/2015	21:55:00	MCP	3rd district, Silver Spring	MOTOR VEH. W/O REQUIRED STOP LAMPS EQUIPMENT	GEORGIA AVE/COLESVILLE RD	38.99667	-77.02878667	No	No	No	No	No	No	No	DC	02 - Automobile	2004	AUDI	A4	GRAY	Warning	22-206(a)	Transportation Article	No	BLACK	M	WASHINGTON	A - Marked Patrol	(38.99667, -77.0287866666667)
03/31/2015	21:49:00	MCP	2nd district, Bethesda	DRIVER FAILURE TO OBEY DESIGNATED LANE DIRECTIONS	GOSHEN RD. GREEN RUN WAY	39.18441667	-77.18762333	No	No	No	No	No	No	No	MD	02 - Automobile	1996	NISSAN	SENTRA	SILVER	Citation	21-309(d)	Transportation Article	No	HISPANIC	M	GAITHERSBURG	A - Marked Patrol	(39.1844166666667, -77.1876233333333)
03/31/2015	21:49:00	MCP	2nd district, Bethesda	PERSON DRIVING MOTOR VEHICLE ON HIGHWAY OR PUBLIC USE PROPERTY ON REVOKED LICENSE AND PRIVILEGE	GOSHEN RD. GREEN RUN WAY	39.18441667	-77.18762333	No	No	No	No	No	No	No	MD	02 - Automobile	1996	NISSAN	SENTRA	SILVER	Citation	16-303(d)	Transportation Article	No	HISPANIC	M	GAITHERSBURG	A - Marked Patrol	(39.1844166666667, -77.1876233333333)
03/31/2015	21:49:00	MCP	2nd district, Bethesda	PERSON DRIVING MOTOR VEHICLE ON HIGHWAY OR PUBLIC USE PROPERTY ON SUSPENDED LICENSE AND PRIVILEGE	GOSHEN RD. GREEN RUN WAY	39.18441667	-77.18762333	No	No	No	No	No	No	No	MD	02 - Automobile	1996	NISSAN	SENTRA	SILVER	Citation	16-303(c)	Transportation Article	No	HISPANIC	M	GAITHERSBURG	A - Marked Patrol	(39.1844166666667, -77.1876233333333)
09/30/2014	17:22:00	MCP	5th district, Germantown	EXCEEDING MAXIMUM SPEED: 57 MPH IN A POSTED 40 MPH ZONE	EB MIDDLEBROOK RD / OBSERVATION DR			No	No	No	No	No	No	No	MD	02 - Automobile	2009	CHEV	TRAIL BLAZER	BLACK	Citation	21-801.1	Transportation Article	No	WHITE	M	GERMANTOWN	Q - Marked Laser
03/31/2015	21:49:00	MCP	1st district, Rockville	HEADLIGHTS (*)	RIDGE RD / 355	39.20308667	-77.25132	No	No	No	No	No	No	No	MD	02 - Automobile	2004	CHRY	PACIFICA	RED	ESERO	55*		No	HISPANIC	M	GAITHERSBURG	A - Marked Patrol	(39.2030866666667, -77.25132)
03/31/2015	21:47:00	MCP	5th district, Germantown	NEGLIGENT DRIVING VEHICLE IN CARELESS AND IMPRUDENT MANNER ENDANGERING PROPERTY, LIFE AND PERSON	NB RT. 27 AT OBSERVATION DR.	39.20175833	-77.253985	No	No	No	No	No	No	No	MD	28 - Other	2006	ELGI	TK	WHITE	Citation	21-901.1(b)	Transportation Article	No	BLACK	M	UPPER MARLBORO	A - Marked Patrol	(39.2017583333333, -77.253985)
03/31/2015	21:45:00	MCP	6th district, Gaithersburg / Montgomery Village	PERSON DRIVING MOTOR VEHICLE ON HIGHWAY OR PUBLIC USE PROPERTY ON SUSPENDED LICENSE AND PRIVILEGE	RT 355 AT MONTGOMERY AVE	39.14739333	-77.205665	No	No	No	No	No	No	No	MD	02 - Automobile	2004	CHEVROLET	SUBURBAN	BLUE	Citation	16-303(c)	Transportation Article	No	BLACK	F	REISTERSTOWN	A - Marked Patrol	(39.1473933333333, -77.205665)
03/31/2015	21:45:00	MCP	6th district, Gaithersburg / Montgomery Village	PERSON DRIVING MOTOR VEHICLE WHILE LICENSE SUSPENDED UNDER 26-206	RT 355 AT MONTGOMERY AVE	39.14739333	-77.205665	No	No	No	No	No	No	No	MD	02 - Automobile	2004	CHEVROLET	SUBURBAN	BLUE	Citation	16-303(h)	Transportation Article	No	BLACK	F	REISTERSTOWN	A - Marked Patrol	(39.1473933333333, -77.205665)
03/31/2015	21:41:00	MCP	5th district, Germantown	DRIVING VEH. W/O ADEQUATE REAR REG. PLATE ILLUMINATION	GREAT SENECA HWY/CLOPPER RD	39.161715	-77.27437333	No	No	No	No	No	No	No	MD	02 - Automobile	2002	JEEP	SUV	BLUE	Warning	22-204(f)	Transportation Article	No	WHITE	M	KEYMAR	A - Marked Patrol	(39.161715, -77.2743733333333)
03/31/2015	21:35:00	MCP	4th district, Wheaton	DRIVING TO DRIVE MOTOR VEHICLE ON HIGHWAY WITHOUT REQUIRED LICENSE AND AUTHORIZATION	UNIVERSITY BLVD W. / GEORGIA AVE	39.04033	-77.05505	No	No	No	No	No	No	No	MD	02 - Automobile	1997	NISSAN	MAXIMA	BLACK	Warning	16-101(a)	Transportation Article	No	WHITE	M	SILVER SPRING	A - Marked Patrol	(39.04033, -77.05505)
03/31/2015	21:35:00	MCP	4th district, Wheaton	FAILURE OF VEH. ON HWY. TO DISPLAY LIGHTED LAMPS, ILLUMINATING DEVICE IN UNFAVORABLE VISIBILITY COND	UNIVERSITY BLVD W. / GEORGIA AVE	39.04033	-77.05505	No	No	No	No	No	No	No	MD	02 - Automobile	1997	NISSAN	MAXIMA	BLACK	Citation	22-201.1	Transportation Article	No	WHITE	M	SILVER SPRING	A - Marked Patrol	(39.04033, -77.05505)
03/31/2015	21:35:00	MCP	4th district, Wheaton	FAILURE TO DISPLAY REGISTRATION CARD UPON DEMAND BY POLICE OFFICER	UNIVERSITY BLVD W. / GEORGIA AVE	39.04033	-77.05505	No	No	No	No	No	No	No	MD	02 - Automobile	1997	NISSAN	MAXIMA	BLACK	Warning	13-409(b)	Transportation Article	No	WHITE	M	SILVER SPRING	A - Marked Patrol	(39.04033, -77.05505)
03/31/2015	21:35:00	MCP	4th district, Wheaton	HOLDER OF LEARNER'S PERMIT DRIVING W/O REQ. SUPERVISION	UNIVERSITY BLVD W. / GEORGIA AVE	39.04033	-77.05505	No	No	No	No	No	No	No	MD	02 - Automobile	1997	NISSAN	MAXIMA	BLACK	Warning	16-105(b1)	Transportation Article	No	WHITE	M	SILVER SPRING	A - Marked Patrol	(39.04033, -77.05505)
03/31/2015	21:34:00	MCP	3rd district, Silver Spring	TAG LIGHTS (*)	UNIVERSITY BLVD E @ LEXINGTON DR	39.01942333	-77.01040167	No	No	No	No	No	No	No	MD	02 - Automobile	2012	MITS	ECLIPSE	RED	ESERO	65*		No	BLACK	M	SILVER SPRING	A - Marked Patrol	(39.0194233333333, -77.0104016666667)
03/31/2015	21:32:00	MCP	3rd district, Silver Spring	DRIVING  MOTOR VEHICLE ON HIGHWAY WITHOUT REQUIRED LICENSE AND AUTHORIZATION	GS/B GEORGIA AVE AT 13TH STREET	38.98699667	-77.02680333	No	No	No	No	No	No	No	MD	02 - Automobile	2004	ACUR	4S	BLACK	Citation	16-101(a)	Transportation Article	No	HISPANIC	F	HYATTSVILLE	A - Marked Patrol	(38.9869966666667, -77.0268033333333)
03/31/2015	21:32:00	MCP	3rd district, Silver Spring	DRIVING VEH. W/O ADEQUATE REAR REG. PLATE ILLUMINATION	GS/B GEORGIA AVE AT 13TH STREET	38.98699667	-77.02680333	No	No	No	No	No	No	No	MD	02 - Automobile	2004	ACUR	4S	BLACK	Warning	22-204(f)	Transportation Article	No	HISPANIC	F	HYATTSVILLE	A - Marked Patrol	(38.9869966666667, -77.0268033333333)
03/31/2015	21:30:00	MCP	5th district, Germantown	EXCEEDING THE POSTED SPEED LIMIT OF 40 MPH	SNOWDEN FARM PKWY@GRAND ELM STREET	39.23794833	-77.25963833	No	No	No	No	No	No	No	MD	02 - Automobile	1996	CHEV	LUMINA	GOLD	Warning	21-801.1	Transportation Article	No	WHITE	F	CLARKSBURG	A - Marked Patrol	(39.2379483333333, -77.2596383333333)